{"metadata":{"modules":{"imports":[],"exports":{"exported":[],"specifiers":[]}},"usedHelpers":[]},"ignored":false,"code":"Template.home.helpers({\n  cities: function () {\n    //console.log(Cities.find({}));\n    return Cities.find({});\n  }\n});\n\nTemplate.home.events({\n  'submit #button': function (event) {\n    console.log(event.target.name.value);\n  }\n\n});","ast":null,"map":{"version":3,"sources":["/client/home.js"],"names":[],"mappings":"AAAC,QAAQ,CAAC,IAAI,CAAC,OAAO,CACrB;AACC,QAAM,EAAE,YAAW;;AAElB,WAAO,MAAM,CAAC,IAAI,CAAC,EAAE,CAAC,CAAC;GACvB;CACD,CAAC,CAAC;;AAEJ,QAAQ,CAAC,IAAI,CAAC,MAAM,CAAC;AACpB,kBAAgB,EAAG,UAAS,KAAK,EAAC;AACjC,WAAO,CAAC,GAAG,CAAC,KAAK,CAAC,MAAM,CAAC,IAAI,CAAC,KAAK,CAAC,CAAC;GACrC;;CAED,CAAC,CAAC","file":"/client/home.js.map","sourcesContent":[" Template.home.helpers(\n {\n \tcities: function() {\n\t\t//console.log(Cities.find({}));\n \t\treturn Cities.find({});\n \t}\n });\n\nTemplate.home.events({\t\n\t'submit #button' : function(event){\n\t\tconsole.log(event.target.name.value);\n\t}\n\n});\n"]},"hash":"0a9895c3a25356a96eac0933eac2d57e0b300f1b"}
