{"metadata":{"modules":{"imports":[],"exports":{"exported":[],"specifiers":[]}},"usedHelpers":[]},"ignored":false,"code":"Router.configure({\n    layoutTemplate: \"main\",\n    notFoundTemplate: \"notFound\"\n});\n\nRouter.route(\"/\", {\n    template: \"home\"\n});\n\nRouter.route('/city/:id', {\n    template: \"city\",\n    data: function () {\n\n        return Cities.findOne({ _id: this.params._id });\n        // Return the document for the selected city (the one whose id is given)\n        // The value of this id is given by  this.params.id\n    }\n});","ast":null,"map":{"version":3,"sources":["/client/routes.js"],"names":[],"mappings":"AAAA,MAAM,CAAC,SAAS,CAAC;AACb,kBAAc,EAAE,MAAM;AACtB,oBAAgB,EAAE,UAAU;CAC/B,CAAC,CAAC;;AAEH,MAAM,CAAC,KAAK,CAAC,GAAG,EAAE;AACd,YAAQ,EAAE,MAAM;CACnB,CAAC,CAAC;;AAEH,MAAM,CAAC,KAAK,CAAC,WAAW,EAAE;AACtB,YAAQ,EAAE,MAAM;AAChB,QAAI,EAAE,YAAY;;AAEjB,eAAO,MAAM,CAAC,OAAO,CAAC,EAAC,GAAG,EAAC,IAAI,CAAC,MAAM,CAAC,GAAG,EAAC,CAAC,CAAC;;;KAG7C;CACJ,CAAC,CAAC","file":"/client/routes.js.map","sourcesContent":["Router.configure({\n    layoutTemplate: \"main\",\n    notFoundTemplate: \"notFound\"\n});\n\nRouter.route(\"/\", {\n    template: \"home\"\n});\n\nRouter.route('/city/:id', {\n    template: \"city\",\n    data: function () {\n\n    \treturn Cities.findOne({_id:this.params._id});\n        // Return the document for the selected city (the one whose id is given)\n        // The value of this id is given by  this.params.id\n    }\n});"]},"hash":"1b659148981c2a4c895d75b52335393356eaa27c"}
