{"metadata":{"modules":{"imports":[],"exports":{"exported":[],"specifiers":[]}},"usedHelpers":[]},"ignored":false,"code":"Cities = new Mongo.Collection(\"cities\");\nActivities = new Mongo.Collection(\"activities\");\n// For the predefined collection users, you need to use Meteor.users","ast":null,"map":{"version":3,"sources":["/common/collections.js"],"names":[],"mappings":"AAAA,MAAM,GAAG,IAAI,KAAK,CAAC,UAAU,CAAC,QAAQ,CAAC,CAAC;AACxC,UAAU,GAAG,IAAI,KAAK,CAAC,UAAU,CAAC,YAAY,CAAC,CAAC","file":"/common/collections.js.map","sourcesContent":["Cities = new Mongo.Collection(\"cities\");\nActivities = new Mongo.Collection(\"activities\");\n// For the predefined collection users, you need to use Meteor.users"]},"hash":"20197cac4adb68ecd8f8230fe2514e8d40f21b38"}
