{"metadata":{"modules":{"imports":[],"exports":{"exported":[],"specifiers":[]}},"usedHelpers":[]},"ignored":false,"code":"Template.home.helpers({\n  cities: function () {\n    console.log(Cities.find({}));\n    return Cities.find({});\n  }\n});","ast":null,"map":{"version":3,"sources":["/client/home.js"],"names":[],"mappings":"AAAC,QAAQ,CAAC,IAAI,CAAC,OAAO,CACrB;AACC,QAAM,EAAE,YAAW;AACnB,WAAO,CAAC,GAAG,CAAC,MAAM,CAAC,IAAI,CAAC,EAAE,CAAC,CAAC,CAAC;AAC5B,WAAO,MAAM,CAAC,IAAI,CAAC,EAAE,CAAC,CAAC;GACvB;CACD,CAAC,CAAC","file":"/client/home.js.map","sourcesContent":[" Template.home.helpers(\n {\n \tcities: function() {\n\t\tconsole.log(Cities.find({}));\n \t\treturn Cities.find({});\n \t}\n });"]},"hash":"3de18b5655c9c1d65e29d5dd628cdfd994323c54"}
