{"metadata":{"modules":{"imports":[],"exports":{"exported":[],"specifiers":[]}},"usedHelpers":[]},"ignored":false,"code":"Template.home.helpers({\n  cities: function () {\n    console.log(Cities.find({}));\n    return Cities.find({});\n  }\n});","ast":null,"map":{"version":3,"sources":["/client/home.js"],"names":[],"mappings":"AAAC,QAAQ,CAAC,IAAI,CAAC,OAAO,CACrB;AACC,QAAM,EAAE,YAAW;AACrB,WAAO,CAAC,GAAG,CAAC,MAAM,CAAC,IAAI,CAAC,EAAE,CAAC,CAAC,CAAC;AAC1B,WAAO,MAAM,CAAC,IAAI,CAAC,EAAE,CAAC,CAAC;GACvB;CACD,CAAC,CAAC","file":"/client/home.js.map","sourcesContent":[" Template.home.helpers(\n {\n \tcities: function() {\nconsole.log(Cities.find({}));\n \t\treturn Cities.find({});\n \t}\n });"]},"hash":"3ee2f8a3681be206c2a5f0e32fcb7108911a8e6c"}
