{"metadata":{"modules":{"imports":[],"exports":{"exported":[],"specifiers":[]}},"usedHelpers":[]},"ignored":false,"code":"Meteor.startup(function () {\n    process.env.MAIL_URL = 'smtp://meteorlensdundalk@gmail.com:meteorEire@smtp.gmail.com:587';\n});\n\nAccounts.config({\n    sendVerificationEmail: true,\n    forbidClientAccountCreation: false\n});","ast":null,"map":{"version":3,"sources":["/server/mailUser.js"],"names":[],"mappings":"AAAA,MAAM,CAAC,OAAO,CAAC,YAAY;AACvB,WAAO,CAAC,GAAG,CAAC,QAAQ,GAAG,kEAAkE,CAAC;CAC7F,CAAC,CAAC;;AAEH,QAAQ,CAAC,MAAM,CAAC;AACZ,yBAAqB,EAAE,IAAI;AAC3B,+BAA2B,EAAE,KAAK;CACrC,CAAC,CAAC","file":"/server/mailUser.js.map","sourcesContent":["Meteor.startup(function () {\n    process.env.MAIL_URL = 'smtp://meteorlensdundalk@gmail.com:meteorEire@smtp.gmail.com:587';\n});\n\nAccounts.config({\n    sendVerificationEmail: true,\n    forbidClientAccountCreation: false\n});\n\n"]},"hash":"51cdd7f85304d09fb47f08ea8ec6509d7d674ec3"}
