{"metadata":{"modules":{"imports":[],"exports":{"exported":[],"specifiers":[]}},"usedHelpers":[]},"ignored":false,"code":"Template.home.helpers({\n  cities: function () {\n    //console.log(Cities.find({}));\n    return Cities.find({});\n  }\n});\n\nTemplate.home.events({\n  'click #button': function (event) {\n    console.log(event.target.name - city.value);\n  }\n\n});","ast":null,"map":{"version":3,"sources":["/client/home.js"],"names":[],"mappings":"AAAC,QAAQ,CAAC,IAAI,CAAC,OAAO,CACrB;AACC,QAAM,EAAE,YAAW;;AAElB,WAAO,MAAM,CAAC,IAAI,CAAC,EAAE,CAAC,CAAC;GACvB;CACD,CAAC,CAAC;;AAEJ,QAAQ,CAAC,IAAI,CAAC,MAAM,CAAC;AACpB,iBAAe,EAAG,UAAS,KAAK,EAAC;AAChC,WAAO,CAAC,GAAG,CAAC,KAAK,CAAC,MAAM,CAAC,IAAI,GAAC,IAAI,CAAC,KAAK,CAAC,CAAC;GAC1C;;CAED,CAAC,CAAC","file":"/client/home.js.map","sourcesContent":[" Template.home.helpers(\n {\n \tcities: function() {\n\t\t//console.log(Cities.find({}));\n \t\treturn Cities.find({});\n \t}\n });\n\nTemplate.home.events({\t\n\t'click #button' : function(event){\n\t\tconsole.log(event.target.name-city.value);\n\t}\n\n});\n"]},"hash":"683b4f8559700ef1b6ceac3020f8619877875e85"}
