{"metadata":{"modules":{"imports":[],"exports":{"exported":[],"specifiers":[]}},"usedHelpers":[]},"ignored":false,"code":"Template.city.helpers({\n  activities: function () {\n    //console.log(Cities.find({}));\n    return Activities.find({ nature: \"place\" });\n  }\n});","ast":null,"map":{"version":3,"sources":["/client/city.js"],"names":[],"mappings":"AAAC,QAAQ,CAAC,IAAI,CAAC,OAAO,CACrB;AACC,YAAU,EAAE,YAAW;;AAEtB,WAAO,UAAU,CAAC,IAAI,CAAC,EAAC,MAAM,EAAE,OAAO,EAAC,CAAC,CAAC;GAC1C;CACD,CAAC,CAAC","file":"/client/city.js.map","sourcesContent":[" Template.city.helpers(\n {\n \tactivities: function() {\n\t\t//console.log(Cities.find({}));\n \t\treturn Activities.find({nature: \"place\"});\n \t}\n });"]},"hash":"6a971cfd45a03dc8092877401080f992a3aaf125"}
