{"metadata":{"modules":{"imports":[],"exports":{"exported":[],"specifiers":[]}},"usedHelpers":[]},"ignored":false,"code":"Template.city.helpers({\n  activities: function () {\n    return Cities.find({ nature: \"place\" });\n  }\n});","ast":null,"map":{"version":3,"sources":["/client/city.js"],"names":[],"mappings":"AAAA,QAAQ,CAAC,IAAI,CAAC,OAAO,CACpB;AACC,YAAU,EAAE,YAAW;AACtB,WAAO,MAAM,CAAC,IAAI,CAAC,EAAC,MAAM,EAAE,OAAO,EAAC,CAAC,CAAC;GACtC;CACD,CAAC,CAAC","file":"/client/city.js.map","sourcesContent":["Template.city.helpers(\n {\n \tactivities: function() {\n \t\treturn Cities.find({nature: \"place\"});\n \t}\n });"]},"hash":"7fe569c81530eb268804995a21e7c9cd762203c4"}
