{"metadata":{"modules":{"imports":[],"exports":{"exported":[],"specifiers":[]}},"usedHelpers":[]},"ignored":false,"code":"Template.city.helpers({\n  cities: function () {\n    //console.log(Cities.find({}));\n    return Cities.find({});\n  }\n});\n\nTemplate.city.helpers({\n  activities: function () {\n    return Activities.find({ nature: \"place\" });\n  }\n});","ast":null,"map":{"version":3,"sources":["/client/city.js"],"names":[],"mappings":"AAAC,QAAQ,CAAC,IAAI,CAAC,OAAO,CACrB;AACC,QAAM,EAAE,YAAW;;AAElB,WAAO,MAAM,CAAC,IAAI,CAAC,EAAE,CAAC,CAAC;GACvB;CACD,CAAC,CAAC;;AAGH,QAAQ,CAAC,IAAI,CAAC,OAAO,CACrB;AACC,YAAU,EAAE,YAAW;AACtB,WAAO,UAAU,CAAC,IAAI,CAAC,EAAC,MAAM,EAAE,OAAO,EAAC,CAAC,CAAC;GAC1C;CACD,CAAC,CAAC","file":"/client/city.js.map","sourcesContent":[" Template.city.helpers(\n {\n \tcities: function() {\n\t\t//console.log(Cities.find({}));\n \t\treturn Cities.find({});\n \t}\n });\n\n\n Template.city.helpers(\n {\n \tactivities: function() {\n \t\treturn Activities.find({nature: \"place\"});\n \t}\n });"]},"hash":"8e0817947a4004a5cc7c030be4ca62fddabe143d"}
