{"metadata":{"modules":{"imports":[],"exports":{"exported":[],"specifiers":[]}},"usedHelpers":[]},"ignored":false,"code":"Template.city.helpers({\n  cities: function () {\n    //console.log(Cities.find({}));\n    return Activities.find({ nature: \"place\" });\n  }\n});","ast":null,"map":{"version":3,"sources":["/client/city.js"],"names":[],"mappings":"AAAC,QAAQ,CAAC,IAAI,CAAC,OAAO,CACrB;AACC,QAAM,EAAE,YAAW;;AAElB,WAAO,UAAU,CAAC,IAAI,CAAC,EAAC,MAAM,EAAE,OAAO,EAAC,CAAC,CAAC;GAC1C;CACD,CAAC,CAAC","file":"/client/city.js.map","sourcesContent":[" Template.city.helpers(\n {\n \tcities: function() {\n\t\t//console.log(Cities.find({}));\n \t\treturn Activities.find({nature: \"place\"});\n \t}\n });"]},"hash":"99ea13b2c6d8c1df2a3410572bae3e9afbdb9bb5"}
