{"metadata":{"modules":{"imports":[],"exports":{"exported":[],"specifiers":[]}},"usedHelpers":[]},"ignored":false,"code":"Router.configure({\n    layoutTemplate: \"main\",\n    notFoundTemplate: \"notFound\"\n});\n\nRouter.route(\"/\", {\n    template: \"home\"\n});\nRouter.route(\"/charts\", {\n    template: \"charts\"\n});\n\nRouter.route(\"/about\", {\n    template: \"about\"\n});\n\nRouter.route('/city/:id', {\n    template: \"city\",\n    data: function () {\n\n        return Cities.findOne({ _id: this.params.id });\n        // Return the document for the selected city (the one whose id is given)\n        // The value of this id is given by  this.params.id\n    }\n});","ast":null,"map":{"version":3,"sources":["/client/routes.js"],"names":[],"mappings":"AAAA,MAAM,CAAC,SAAS,CAAC;AACb,kBAAc,EAAE,MAAM;AACtB,oBAAgB,EAAE,UAAU;CAC/B,CAAC,CAAC;;AAEH,MAAM,CAAC,KAAK,CAAC,GAAG,EAAE;AACd,YAAQ,EAAE,MAAM;CACnB,CAAC,CAAC;AACH,MAAM,CAAC,KAAK,CAAC,SAAS,EAAE;AACpB,YAAQ,EAAE,QAAQ;CACrB,CAAC,CAAC;;AAEH,MAAM,CAAC,KAAK,CAAC,QAAQ,EAAE;AACnB,YAAQ,EAAE,OAAO;CACpB,CAAC,CAAC;;AAEH,MAAM,CAAC,KAAK,CAAC,WAAW,EAAE;AACtB,YAAQ,EAAE,MAAM;AAChB,QAAI,EAAE,YAAY;;AAEjB,eAAO,MAAM,CAAC,OAAO,CAAC,EAAC,GAAG,EAAC,IAAI,CAAC,MAAM,CAAC,EAAE,EAAC,CAAC,CAAC;;;KAG5C;CACJ,CAAC,CAAC","file":"/client/routes.js.map","sourcesContent":["Router.configure({\n    layoutTemplate: \"main\",\n    notFoundTemplate: \"notFound\"\n});\n\nRouter.route(\"/\", {\n    template: \"home\"\n});\nRouter.route(\"/charts\", {\n    template: \"charts\"\n});\n\nRouter.route(\"/about\", {\n    template: \"about\"\n});\n\nRouter.route('/city/:id', {\n    template: \"city\",\n    data: function () {\n\n    \treturn Cities.findOne({_id:this.params.id});\n        // Return the document for the selected city (the one whose id is given)\n        // The value of this id is given by  this.params.id\n    }\n});"]},"hash":"be05237e32fdc99fb4af200eff780a9ee1a566a1"}
