{"metadata":{"modules":{"imports":[],"exports":{"exported":[],"specifiers":[]}},"usedHelpers":[]},"ignored":false,"code":"Meteor.startup(function () {\n    process.env.MAIL_URL = 'smtp://meteorlensdundalk@gmail.com:meteorEire@smtp.gmail.com:587';\n});\n\nAccounts.config({\n    sendVerificationEmail: true,\n    forbidClientAccountCreation: false\n});\n\nMeteor.users({\n    _id: 111111,\n    username: \"Mélissa\",\n    emails: [\n    // each email address can only belong to one user.\n    { address: \"rohart.melissa@gmail.com\", verified: true }, { address: \"another@different.com\", verified: false }]\n});","ast":null,"map":{"version":3,"sources":["/server/mailUser.js"],"names":[],"mappings":"AAAA,MAAM,CAAC,OAAO,CAAC,YAAY;AACvB,WAAO,CAAC,GAAG,CAAC,QAAQ,GAAG,kEAAkE,CAAC;CAC7F,CAAC,CAAC;;AAEH,QAAQ,CAAC,MAAM,CAAC;AACZ,yBAAqB,EAAE,IAAI;AAC3B,+BAA2B,EAAE,KAAK;CACrC,CAAC,CAAC;;AAGH,MAAM,CAAC,KAAK,CAAC;AACZ,OAAG,EAAC,MAAM;AACV,YAAQ,EAAC,SAAS;AAClB,UAAM,EAAE;;AAEL,MAAE,OAAO,EAAE,0BAA0B,EAAE,QAAQ,EAAE,IAAI,EAAE,EACvD,EAAE,OAAO,EAAE,uBAAuB,EAAE,QAAQ,EAAE,KAAK,EAAE,CACtD;CACF,CAAC,CAAC","file":"/server/mailUser.js.map","sourcesContent":["Meteor.startup(function () {\n    process.env.MAIL_URL = 'smtp://meteorlensdundalk@gmail.com:meteorEire@smtp.gmail.com:587';\n});\n\nAccounts.config({\n    sendVerificationEmail: true,\n    forbidClientAccountCreation: false\n});\n\n\nMeteor.users({\n\t_id:111111,\n\tusername:\"Mélissa\",\n\temails: [\n    // each email address can only belong to one user.\n    { address: \"rohart.melissa@gmail.com\", verified: true },\n    { address: \"another@different.com\", verified: false }\n  ]\n});"]},"hash":"c8548947c3677ea858747927126c2f9a88385c07"}
