{"metadata":{"modules":{"imports":[],"exports":{"exported":[],"specifiers":[]}},"usedHelpers":[]},"ignored":false,"code":"Template.home.helpers({\n  cities: function () {\n    //console.log(Cities.find({}));\n    return Cities.find({});\n  }\n});\n\nTemplate.home.events({\n  'click #button': function () {\n    console.log(\"ok\");\n  }\n\n});","ast":null,"map":{"version":3,"sources":["/client/home.js"],"names":[],"mappings":"AAAC,QAAQ,CAAC,IAAI,CAAC,OAAO,CACrB;AACC,QAAM,EAAE,YAAW;;AAElB,WAAO,MAAM,CAAC,IAAI,CAAC,EAAE,CAAC,CAAC;GACvB;CACD,CAAC,CAAC;;AAEJ,QAAQ,CAAC,IAAI,CAAC,MAAM,CAAC;AACpB,iBAAe,EAAG,YAAU;AAC3B,WAAO,CAAC,GAAG,CAAC,IAAI,CAAC,CAAC;GAClB;;CAED,CAAC,CAAC","file":"/client/home.js.map","sourcesContent":[" Template.home.helpers(\n {\n \tcities: function() {\n\t\t//console.log(Cities.find({}));\n \t\treturn Cities.find({});\n \t}\n });\n\nTemplate.home.events({\t\n\t'click #button' : function(){\n\t\tconsole.log(\"ok\");\n\t}\n\n});\n"]},"hash":"cb89c95c774b290fddb15eac4327daba46ca24b9"}
