{"metadata":{"modules":{"imports":[],"exports":{"exported":[],"specifiers":[]}},"usedHelpers":[]},"ignored":false,"code":"Template.home.helpers({\n  cities: function () {\n    //console.log(Cities.find({}));\n    return Cities.find({});\n  }\n});\n\nTemplate.home.events({\n  'submit form': function (event) {\n    event.preventDefault();\n    console.log(event.target.name.value);\n    console.log(\"zz\");\n  }\n\n});","ast":null,"map":{"version":3,"sources":["/client/home.js"],"names":[],"mappings":"AAAC,QAAQ,CAAC,IAAI,CAAC,OAAO,CACrB;AACC,QAAM,EAAE,YAAW;;AAElB,WAAO,MAAM,CAAC,IAAI,CAAC,EAAE,CAAC,CAAC;GACvB;CACD,CAAC,CAAC;;AAEJ,QAAQ,CAAC,IAAI,CAAC,MAAM,CAAC;AACpB,eAAa,EAAG,UAAS,KAAK,EAAC;AAC9B,SAAK,CAAC,cAAc,EAAE,CAAC;AACvB,WAAO,CAAC,GAAG,CAAC,KAAK,CAAC,MAAM,CAAC,IAAI,CAAC,KAAK,CAAC,CAAC;AACrC,WAAO,CAAC,GAAG,CAAC,IAAI,CAAC,CAAC;GAClB;;CAED,CAAC,CAAC","file":"/client/home.js.map","sourcesContent":[" Template.home.helpers(\n {\n \tcities: function() {\n\t\t//console.log(Cities.find({}));\n \t\treturn Cities.find({});\n \t}\n });\n\nTemplate.home.events({\t\n\t'submit form' : function(event){\n\t\tevent.preventDefault();\n\t\tconsole.log(event.target.name.value);\n\t\tconsole.log(\"zz\");\n\t}\n\n});\n"]},"hash":"cc8af15261d4e721e2494241e1d671bd9eaeb494"}
