{"metadata":{"modules":{"imports":[],"exports":{"exported":[],"specifiers":[]}},"usedHelpers":[]},"ignored":false,"code":"// Before this package existed, we used to use this Meteor.uuid()\n// implementing the RFC 4122 v4 UUID. It is no longer documented\n// and will go away.\n// XXX COMPAT WITH 0.5.6\nMeteor.uuid = function () {\n  var HEX_DIGITS = \"0123456789abcdef\";\n  var s = [];\n  for (var i = 0; i < 36; i++) {\n    s[i] = Random.choice(HEX_DIGITS);\n  }\n  s[14] = \"4\";\n  s[19] = HEX_DIGITS.substr(parseInt(s[19], 16) & 0x3 | 0x8, 1);\n  s[8] = s[13] = s[18] = s[23] = \"-\";\n\n  var uuid = s.join(\"\");\n  return uuid;\n};","ast":null,"map":{"version":3,"sources":["/deprecated.js"],"names":[],"mappings":";;;;AAIA,MAAM,CAAC,IAAI,GAAG,YAAY;AACxB,MAAI,UAAU,GAAG,kBAAkB,CAAC;AACpC,MAAI,CAAC,GAAG,EAAE,CAAC;AACX,OAAK,IAAI,CAAC,GAAG,CAAC,EAAE,CAAC,GAAG,EAAE,EAAE,CAAC,EAAE,EAAE;AAC3B,KAAC,CAAC,CAAC,CAAC,GAAG,MAAM,CAAC,MAAM,CAAC,UAAU,CAAC,CAAC;GAClC;AACD,GAAC,CAAC,EAAE,CAAC,GAAG,GAAG,CAAC;AACZ,GAAC,CAAC,EAAE,CAAC,GAAG,UAAU,CAAC,MAAM,CAAC,AAAC,QAAQ,CAAC,CAAC,CAAC,EAAE,CAAC,EAAC,EAAE,CAAC,GAAG,GAAG,GAAI,GAAG,EAAE,CAAC,CAAC,CAAC;AAC/D,GAAC,CAAC,CAAC,CAAC,GAAG,CAAC,CAAC,EAAE,CAAC,GAAG,CAAC,CAAC,EAAE,CAAC,GAAG,CAAC,CAAC,EAAE,CAAC,GAAG,GAAG,CAAC;;AAEnC,MAAI,IAAI,GAAG,CAAC,CAAC,IAAI,CAAC,EAAE,CAAC,CAAC;AACtB,SAAO,IAAI,CAAC;CACb,CAAC","file":"/deprecated.js.map","sourcesContent":["// Before this package existed, we used to use this Meteor.uuid()\n// implementing the RFC 4122 v4 UUID. It is no longer documented\n// and will go away.\n// XXX COMPAT WITH 0.5.6\nMeteor.uuid = function () {\n  var HEX_DIGITS = \"0123456789abcdef\";\n  var s = [];\n  for (var i = 0; i < 36; i++) {\n    s[i] = Random.choice(HEX_DIGITS);\n  }\n  s[14] = \"4\";\n  s[19] = HEX_DIGITS.substr((parseInt(s[19],16) & 0x3) | 0x8, 1);\n  s[8] = s[13] = s[18] = s[23] = \"-\";\n\n  var uuid = s.join(\"\");\n  return uuid;\n};\n"]},"hash":"d1656bbb07b1c9842da118ac7af95dc2f23c71e3"}
