{"metadata":{"modules":{"imports":[],"exports":{"exported":[],"specifiers":[]}},"usedHelpers":[]},"ignored":false,"code":"Template.home.helpers({\n\tcities: function () {\n\t\t//console.log(Cities.find({}));\n\t\treturn Cities.find({});\n\t}\n});\n\nTemplate.home.events({\n\t'submit form': function (event) {\n\t\tevent.preventDefault();\n\t\tconsole.log(event.target.name.value);\n\t\tCities.insert({\n\t\t\tname: event.target.name.value,\n\t\t\tlat: event.target.latitude.value,\n\t\t\tlong: event.target.longitude.value\n\t\t});\n\t}\n\n});","ast":null,"map":{"version":3,"sources":["/client/home.js"],"names":[],"mappings":"AAAC,QAAQ,CAAC,IAAI,CAAC,OAAO,CACrB;AACC,OAAM,EAAE,YAAW;;AAElB,SAAO,MAAM,CAAC,IAAI,CAAC,EAAE,CAAC,CAAC;EACvB;CACD,CAAC,CAAC;;AAEJ,QAAQ,CAAC,IAAI,CAAC,MAAM,CAAC;AACpB,cAAa,EAAG,UAAS,KAAK,EAAC;AAC9B,OAAK,CAAC,cAAc,EAAE,CAAC;AACvB,SAAO,CAAC,GAAG,CAAC,KAAK,CAAC,MAAM,CAAC,IAAI,CAAC,KAAK,CAAC,CAAC;AACrC,QAAM,CAAC,MAAM,CAAC;AACb,OAAI,EAAC,KAAK,CAAC,MAAM,CAAC,IAAI,CAAC,KAAK;AAC5B,MAAG,EAAC,KAAK,CAAC,MAAM,CAAC,QAAQ,CAAC,KAAK;AAC/B,OAAI,EAAC,KAAK,CAAC,MAAM,CAAC,SAAS,CAAC,KAAK;GACjC,CAAC,CAAA;EACF;;CAED,CAAC,CAAC","file":"/client/home.js.map","sourcesContent":[" Template.home.helpers(\n {\n \tcities: function() {\n\t\t//console.log(Cities.find({}));\n \t\treturn Cities.find({});\n \t}\n });\n\nTemplate.home.events({\t\n\t'submit form' : function(event){\n\t\tevent.preventDefault();\n\t\tconsole.log(event.target.name.value);\n\t\tCities.insert({\n\t\t\tname:event.target.name.value,\n\t\t\tlat:event.target.latitude.value,\n\t\t\tlong:event.target.longitude.value\n\t\t})\n\t}\n\n});\n"]},"hash":"da69225077c68d8bdc09649b4c0a72bee67c1def"}
