{"metadata":{"modules":{"imports":[],"exports":{"exported":[],"specifiers":[]}},"usedHelpers":[]},"ignored":false,"code":"Template.home.helpers({\n  cities: function () {\n    //console.log(Cities.find({}));\n    return Cities.find({});\n  }\n});","ast":null,"map":{"version":3,"sources":["/client/home.js"],"names":[],"mappings":"AAAC,QAAQ,CAAC,IAAI,CAAC,OAAO,CACrB;AACC,QAAM,EAAE,YAAW;;AAElB,WAAO,MAAM,CAAC,IAAI,CAAC,EAAE,CAAC,CAAC;GACvB;CACD,CAAC,CAAC","file":"/client/home.js.map","sourcesContent":[" Template.home.helpers(\n {\n \tcities: function() {\n\t\t//console.log(Cities.find({}));\n \t\treturn Cities.find({});\n \t}\n });"]},"hash":"e296f5ffb228708eb9bea5ddd8dc07c339e751c4"}
