{"metadata":{"modules":{"imports":[],"exports":{"exported":[],"specifiers":[]}},"usedHelpers":[]},"ignored":false,"code":"Template.home.helpers({\n  cities: function () {\n    //console.log(Cities.find({}));\n    return Cities.find({});\n  }\n});\n\nTemplate.home.events({\n  'submit #button': function (event) {\n    event.preventDefault();\n    console.log(event.target.name.value);\n    console.log(\"zz\");\n  }\n\n});","ast":null,"map":{"version":3,"sources":["/client/home.js"],"names":[],"mappings":"AAAC,QAAQ,CAAC,IAAI,CAAC,OAAO,CACrB;AACC,QAAM,EAAE,YAAW;;AAElB,WAAO,MAAM,CAAC,IAAI,CAAC,EAAE,CAAC,CAAC;GACvB;CACD,CAAC,CAAC;;AAEJ,QAAQ,CAAC,IAAI,CAAC,MAAM,CAAC;AACpB,kBAAgB,EAAG,UAAS,KAAK,EAAC;AACjC,SAAK,CAAC,cAAc,EAAE,CAAC;AACvB,WAAO,CAAC,GAAG,CAAC,KAAK,CAAC,MAAM,CAAC,IAAI,CAAC,KAAK,CAAC,CAAC;AACrC,WAAO,CAAC,GAAG,CAAC,IAAI,CAAC,CAAC;GAClB;;CAED,CAAC,CAAC","file":"/client/home.js.map","sourcesContent":[" Template.home.helpers(\n {\n \tcities: function() {\n\t\t//console.log(Cities.find({}));\n \t\treturn Cities.find({});\n \t}\n });\n\nTemplate.home.events({\t\n\t'submit #button' : function(event){\n\t\tevent.preventDefault();\n\t\tconsole.log(event.target.name.value);\n\t\tconsole.log(\"zz\");\n\t}\n\n});\n"]},"hash":"e410961c53305436f8b29244386e4fa7d0a5adf8"}
