{"metadata":{"modules":{"imports":[],"exports":{"exported":[],"specifiers":[]}},"usedHelpers":[]},"ignored":false,"code":"Template.city.helpers({\n  activities: function () {\n    return Activities.find({ nature: \"place\" });\n  }\n});","ast":null,"map":{"version":3,"sources":["/client/city.js"],"names":[],"mappings":"AAAC,QAAQ,CAAC,IAAI,CAAC,OAAO,CACrB;AACC,YAAU,EAAE,YAAW;AACtB,WAAO,UAAU,CAAC,IAAI,CAAC,EAAC,MAAM,EAAE,OAAO,EAAC,CAAC,CAAC;GAC1C;CACD,CAAC,CAAC","file":"/client/city.js.map","sourcesContent":[" Template.city.helpers(\n {\n \tactivities: function() {\n \t\treturn Activities.find({nature: \"place\"});\n \t}\n });"]},"hash":"e6469da14ffee3f8edeb4568d4f0db5007315040"}
