{"metadata":{"modules":{"imports":[],"exports":{"exported":[],"specifiers":[]}},"usedHelpers":[]},"ignored":false,"code":"Template.city.helpers({\n  cities: function () {\n    //console.log(Cities.find({}));\n    return Cities.db.movie.find({ nature: \"place\" });\n  }\n});","ast":null,"map":{"version":3,"sources":["/client/city.js"],"names":[],"mappings":"AAAC,QAAQ,CAAC,IAAI,CAAC,OAAO,CACrB;AACC,QAAM,EAAE,YAAW;;AAElB,WAAO,MAAM,CAAC,EAAE,CAAC,KAAK,CAAC,IAAI,CAAC,EAAC,MAAM,EAAE,OAAO,EAAC,CAAC,CAAC;GAC/C;CACD,CAAC,CAAC","file":"/client/city.js.map","sourcesContent":[" Template.city.helpers(\n {\n \tcities: function() {\n\t\t//console.log(Cities.find({}));\n \t\treturn Cities.db.movie.find({nature: \"place\"});\n \t}\n });"]},"hash":"ec4bc4a3a39faf2cfdcb488e56696ac0c238ae11"}
