{"metadata":{"modules":{"imports":[],"exports":{"exported":[],"specifiers":[]}},"usedHelpers":[]},"ignored":false,"code":"if (Meteor.isServer) {\n    Meteor.methods({\n        // reset database\n        reset: function () {\n            var derek = {\n                \"_id\": \"u0\",\n                \"createdAt\": new Date(\"2016-02-04T09:28:14.187Z\"),\n                \"services\": {\n                    \"password\": {\n                        \"bcrypt\": \"$2a$10$5J/u4IF59xW8Xi73eQajzu5rnF2bcvXaKKQaye.Njh3knctvLnuf6\" // derek.ie\n                    },\n                    \"resume\": {\n                        \"loginTokens\": []\n                    }\n                },\n                \"emails\": [{\n                    \"address\": \"derek@dkit.ie\",\n                    \"verified\": false\n                }]\n            };\n            var gilles = {\n                \"_id\": \"u1\",\n                \"createdAt\": new Date(\"2016-02-04T09:29:14.662Z\"),\n                \"services\": {\n                    \"password\": {\n                        \"bcrypt\": \"$2a$10$PtpfLpKrWd3/AbQz1CCL6ubnHpWd2D.QVvQSJLoL.WPKpQjZCGIi.\" //gilles.fr\n                    },\n                    \"resume\": {\n                        \"loginTokens\": []\n                    }\n                },\n                \"emails\": [{\n                    \"address\": \"gilles@iut.fr\",\n                    \"verified\": false\n                }]\n            };\n            Meteor.users.remove({});\n            Meteor.users.insert(derek);\n            Meteor.users.insert(gilles);\n\n            // *** activities\n            var granet = {\n                _id: \"c0a0\",\n                name: \"musée Granet\",\n                nature: \"place\",\n                editor: {\n                    _id: gilles._id,\n                    email: gilles.emails[0].address\n                },\n                pictures: [\"/images/Aix/granet1.jpg\", \"/images/Aix/granet2.jpg\"],\n                comments: [{\n                    user: {\n                        _id: derek._id,\n                        email: derek.emails[0].address\n                    },\n                    date: new Date(),\n                    text: \"I love this place !!\"\n                }],\n                description: \"Le musée Granet présente près de 600 oeuvres de peinture, sculpture, pièces archéologiques. Peintures hollandaises, italiennes, françaises de diverses époques\",\n                url: \"http://museegranet-aixenprovence.fr\"\n            };\n            var saintSauveur = {\n                _id: \"c0a1\",\n                name: \"cathedral saint Sauveur\",\n                nature: \"place\",\n                editor: {\n                    _id: gilles._id,\n                    email: gilles.emails[0].address\n                },\n                pictures: [\"/images/Aix/sauveur1.jpg\", \"/images/Aix/sauveur2.jpg\"],\n                comments: [{\n                    user: {\n                        _id: derek._id,\n                        email: derek.emails[0].address\n                    },\n                    date: new Date(),\n                    text: \"great\"\n                }],\n                description: \"no description\"\n            };\n            var festival = {\n                _id: \"c0a2\",\n                name: \"festival de musique\",\n                nature: \"event\",\n                editor: {\n                    _id: gilles._id,\n                    email: gilles.emails[0].address\n                },\n                pictures: [\"/images/Aix/festival1.png\", \"/images/Aix/festival1.jpg\", \"/images/Aix/festival2.jpg\"],\n                comments: [{\n                    user: {\n                        _id: derek._id,\n                        email: derek.emails[0].address\n                    },\n                    date: new Date(),\n                    text: \"Awful music\"\n                }],\n                description: \"Fort de son succès, le Festival d’Aix accueille un public non seulement local, mais aussi national, et un grand nombre de spectateurs et de journalistes venus du monde entier.\",\n                url: \"http://festival-aix.com/en\",\n                dateStart: new Date('2016-6-15'),\n                dateEnd: new Date('2016-7-10')\n            };\n            Activities.remove({});\n            Activities.insert(granet);\n            Activities.insert(saintSauveur);\n            Activities.insert(festival);\n\n            // **** cities\n            var aix = {\n                _id: \"c0\",\n                name: 'Aix en Provence',\n                coordinates: {\n                    long: \"43.5263\",\n                    lat: \"5.4454\"\n                },\n                description: \"Protégée par la Montagne Sainte Victoire qui culmine à 1.011 m, Aix est entourée d'une campagne richementpréservée avec d'authentiques bastides provençales entourées de jardins à la française. Son nom vient des sources thermales découvertes à la fondation de la ville en 123 avant JC par les romains. <br />Aix en Provence était la capitale de la Provence au XVème siècle : marchands prospères et notables firent de la ville la Florence provençale que l'on connaît aujourd'hui. Demeures bourgeoises, placettes fleuries, hôtels particuliers, fontaines anciennes, ruelles ombragées... toutes les images de la Provence noble des XVII° et XVIII° sont rassemblées à Aix. <br />\",\n                picture: '/images/Aix/aix.jpg',\n                activities: [{\n                    _id: granet._id,\n                    name: granet.name,\n                    nature: granet.nature,\n                    picture: granet.pictures[0]\n                }, {\n                    _id: saintSauveur._id,\n                    name: saintSauveur.name,\n                    nature: saintSauveur.nature,\n                    picture: saintSauveur.pictures[0]\n                }, {\n                    _id: festival._id,\n                    name: festival.name,\n                    nature: festival.nature,\n                    picture: festival.pictures[0]\n                }]\n            };\n            var boulogne = {\n                _id: \"c1\",\n                name: 'Boulogne sur mer',\n                coordinates: {\n                    long: \"50.7264\",\n                    lat: \"1.6147\"\n                },\n                description: \"\",\n                picture: '/images/Boulogne/centre.jpg',\n                activities: []\n            };\n            Cities.remove({});\n            Cities.insert(aix);\n            Cities.insert(boulogne);\n        }\n    });\n}","ast":null,"map":{"version":3,"sources":["/reset/reset.js"],"names":[],"mappings":"AAAA,IAAI,MAAM,CAAC,QAAQ,EAAE;AACjB,UAAM,CAAC,OAAO,CAAC;;AAEX,aAAK,EAAE,YAAY;AACf,gBAAI,KAAK,GAAG;AACR,qBAAK,EAAE,IAAI;AACX,2BAAW,EAAE,IAAI,IAAI,CAAC,0BAA0B,CAAC;AACjD,0BAAU,EAAE;AACR,8BAAU,EAAE;AACR,gCAAQ,EAAE,8DAA8D;qBAC3E;AACD,4BAAQ,EAAE;AACN,qCAAa,EAAE,EAAE;qBACpB;iBACJ;AACD,wBAAQ,EAAE,CAAC;AACH,6BAAS,EAAE,eAAe;AAC1B,8BAAU,EAAE,KAAK;iBAClC,CACJ;aACU,CAAC;AACF,gBAAI,MAAM,GAAG;AACT,qBAAK,EAAE,IAAI;AACX,2BAAW,EAAE,IAAI,IAAI,CAAC,0BAA0B,CAAC;AACjD,0BAAU,EAAE;AACR,8BAAU,EAAE;AACR,gCAAQ,EAAE,8DAA8D;qBAC3E;AACD,4BAAQ,EAAE;AACN,qCAAa,EAAE,EAAE;qBACpB;iBACJ;AACD,wBAAQ,EAAE,CAAC;AACH,6BAAS,EAAE,eAAe;AAC1B,8BAAU,EAAE,KAAK;iBAClC,CACJ;aACU,CAAC;AACF,kBAAM,CAAC,KAAK,CAAC,MAAM,CAAC,EAAE,CAAC,CAAC;AACxB,kBAAM,CAAC,KAAK,CAAC,MAAM,CAAC,KAAK,CAAC,CAAC;AAC3B,kBAAM,CAAC,KAAK,CAAC,MAAM,CAAC,MAAM,CAAC,CAAC;;;AAG5B,gBAAI,MAAM,GAAG;AACT,mBAAG,EAAE,MAAM;AACX,oBAAI,EAAE,cAAc;AACpB,sBAAM,EAAE,OAAO;AACf,sBAAM,EAAE;AACJ,uBAAG,EAAE,MAAM,CAAC,GAAG;AACf,yBAAK,EAAE,MAAM,CAAC,MAAM,CAAC,CAAC,CAAC,CAAC,OAAO;iBAClC;AACD,wBAAQ,EAAE,CAAC,yBAAyB,EAAE,yBAAyB,CAAC;AAChE,wBAAQ,EAAE,CAAC;AACP,wBAAI,EAAE;AACF,2BAAG,EAAE,KAAK,CAAC,GAAG;AACd,6BAAK,EAAE,KAAK,CAAC,MAAM,CAAC,CAAC,CAAC,CAAC,OAAO;qBACjC;AACD,wBAAI,EAAE,IAAI,IAAI,EAAE;AAChB,wBAAI,EAAE,sBAAsB;iBAC7C,CAAC;AACY,2BAAW,EAAE,gKAAgK;AAC7K,mBAAG,EAAE,qCAAqC;aAC7C,CAAC;AACF,gBAAI,YAAY,GAAG;AACf,mBAAG,EAAE,MAAM;AACX,oBAAI,EAAE,yBAAyB;AAC/B,sBAAM,EAAE,OAAO;AACf,sBAAM,EAAE;AACJ,uBAAG,EAAE,MAAM,CAAC,GAAG;AACf,yBAAK,EAAE,MAAM,CAAC,MAAM,CAAC,CAAC,CAAC,CAAC,OAAO;iBAClC;AACD,wBAAQ,EAAE,CAAC,0BAA0B,EAAE,0BAA0B,CAAC;AAClE,wBAAQ,EAAE,CAAC;AACP,wBAAI,EAAE;AACF,2BAAG,EAAE,KAAK,CAAC,GAAG;AACd,6BAAK,EAAE,KAAK,CAAC,MAAM,CAAC,CAAC,CAAC,CAAC,OAAO;qBACjC;AACD,wBAAI,EAAE,IAAI,IAAI,EAAE;AAChB,wBAAI,EAAE,OAAO;iBAC9B,CAAC;AACY,2BAAW,EAAE,gBAAgB;aAChC,CAAC;AACF,gBAAI,QAAQ,GAAG;AACX,mBAAG,EAAE,MAAM;AACX,oBAAI,EAAE,qBAAqB;AAC3B,sBAAM,EAAE,OAAO;AACf,sBAAM,EAAE;AACJ,uBAAG,EAAE,MAAM,CAAC,GAAG;AACf,yBAAK,EAAE,MAAM,CAAC,MAAM,CAAC,CAAC,CAAC,CAAC,OAAO;iBAClC;AACD,wBAAQ,EAAE,CAAC,2BAA2B,EAAE,2BAA2B,EAAE,2BAA2B,CAAC;AACjG,wBAAQ,EAAE,CAAC;AACP,wBAAI,EAAE;AACF,2BAAG,EAAE,KAAK,CAAC,GAAG;AACd,6BAAK,EAAE,KAAK,CAAC,MAAM,CAAC,CAAC,CAAC,CAAC,OAAO;qBACjC;AACD,wBAAI,EAAE,IAAI,IAAI,EAAE;AAChB,wBAAI,EAAE,aAAa;iBACpC,CAAC;AACY,2BAAW,EAAE,iLAAiL;AAC9L,mBAAG,EAAE,4BAA4B;AACjC,yBAAS,EAAE,IAAI,IAAI,CAAC,WAAW,CAAC;AAChC,uBAAO,EAAE,IAAI,IAAI,CAAC,WAAW,CAAC;aACjC,CAAC;AACF,sBAAU,CAAC,MAAM,CAAC,EAAE,CAAC,CAAA;AACrB,sBAAU,CAAC,MAAM,CAAC,MAAM,CAAC,CAAC;AAC1B,sBAAU,CAAC,MAAM,CAAC,YAAY,CAAC,CAAC;AAChC,sBAAU,CAAC,MAAM,CAAC,QAAQ,CAAC,CAAC;;;AAG5B,gBAAI,GAAG,GAAG;AACN,mBAAG,EAAE,IAAI;AACT,oBAAI,EAAE,iBAAiB;AACvB,2BAAW,EAAE;AACT,wBAAI,EAAE,SAAS;AACf,uBAAG,EAAE,QAAQ;iBAChB;AACD,2BAAW,EAAE,kqBAAkqB;AAC/qB,uBAAO,EAAE,qBAAqB;AAC9B,0BAAU,EAAE,CAAC;AACT,uBAAG,EAAE,MAAM,CAAC,GAAG;AACf,wBAAI,EAAE,MAAM,CAAC,IAAI;AACjB,0BAAM,EAAE,MAAM,CAAC,MAAM;AACrB,2BAAO,EAAE,MAAM,CAAC,QAAQ,CAAC,CAAC,CAAC;iBAC5C,EAAE;AACe,uBAAG,EAAE,YAAY,CAAC,GAAG;AACrB,wBAAI,EAAE,YAAY,CAAC,IAAI;AACvB,0BAAM,EAAE,YAAY,CAAC,MAAM;AAC3B,2BAAO,EAAE,YAAY,CAAC,QAAQ,CAAC,CAAC,CAAC;iBAClD,EAAE;AACe,uBAAG,EAAE,QAAQ,CAAC,GAAG;AACjB,wBAAI,EAAE,QAAQ,CAAC,IAAI;AACnB,0BAAM,EAAE,QAAQ,CAAC,MAAM;AACvB,2BAAO,EAAE,QAAQ,CAAC,QAAQ,CAAC,CAAC,CAAC;iBAC9C,CAAC;aACS,CAAC;AACF,gBAAI,QAAQ,GAAG;AACX,mBAAG,EAAE,IAAI;AACT,oBAAI,EAAE,kBAAkB;AACxB,2BAAW,EAAE;AACT,wBAAI,EAAE,SAAS;AACf,uBAAG,EAAE,QAAQ;iBAChB;AACD,2BAAW,EAAE,EAAE;AACf,uBAAO,EAAE,6BAA6B;AACtC,0BAAU,EAAE,EAAE;aACjB,CAAC;AACF,kBAAM,CAAC,MAAM,CAAC,EAAE,CAAC,CAAC;AAClB,kBAAM,CAAC,MAAM,CAAC,GAAG,CAAC,CAAC;AACnB,kBAAM,CAAC,MAAM,CAAC,QAAQ,CAAC,CAAC;SAC3B;KACJ,CAAC,CAAA;CACL","file":"/reset/reset.js.map","sourcesContent":["if (Meteor.isServer) {\n    Meteor.methods({\n        // reset database\n        reset: function () {\n            var derek = {\n                \"_id\": \"u0\",\n                \"createdAt\": new Date(\"2016-02-04T09:28:14.187Z\"),\n                \"services\": {\n                    \"password\": {\n                        \"bcrypt\": \"$2a$10$5J/u4IF59xW8Xi73eQajzu5rnF2bcvXaKKQaye.Njh3knctvLnuf6\" // derek.ie\n                    },\n                    \"resume\": {\n                        \"loginTokens\": []\n                    }\n                },\n                \"emails\": [{\n                        \"address\": \"derek@dkit.ie\",\n                        \"verified\": false\n      }\n  ]\n            };\n            var gilles = {\n                \"_id\": \"u1\",\n                \"createdAt\": new Date(\"2016-02-04T09:29:14.662Z\"),\n                \"services\": {\n                    \"password\": {\n                        \"bcrypt\": \"$2a$10$PtpfLpKrWd3/AbQz1CCL6ubnHpWd2D.QVvQSJLoL.WPKpQjZCGIi.\" //gilles.fr\n                    },\n                    \"resume\": {\n                        \"loginTokens\": []\n                    }\n                },\n                \"emails\": [{\n                        \"address\": \"gilles@iut.fr\",\n                        \"verified\": false\n      }\n  ]\n            };\n            Meteor.users.remove({});\n            Meteor.users.insert(derek);\n            Meteor.users.insert(gilles);\n\n            // *** activities\n            var granet = {\n                _id: \"c0a0\",\n                name: \"musée Granet\",\n                nature: \"place\",\n                editor: {\n                    _id: gilles._id,\n                    email: gilles.emails[0].address\n                },\n                pictures: [\"/images/Aix/granet1.jpg\", \"/images/Aix/granet2.jpg\"],\n                comments: [{\n                    user: {\n                        _id: derek._id,\n                        email: derek.emails[0].address\n                    },\n                    date: new Date(),\n                    text: \"I love this place !!\"\n  }],\n                description: \"Le musée Granet présente près de 600 oeuvres de peinture, sculpture, pièces archéologiques. Peintures hollandaises, italiennes, françaises de diverses époques\",\n                url: \"http://museegranet-aixenprovence.fr\"\n            };\n            var saintSauveur = {\n                _id: \"c0a1\",\n                name: \"cathedral saint Sauveur\",\n                nature: \"place\",\n                editor: {\n                    _id: gilles._id,\n                    email: gilles.emails[0].address\n                },\n                pictures: [\"/images/Aix/sauveur1.jpg\", \"/images/Aix/sauveur2.jpg\"],\n                comments: [{\n                    user: {\n                        _id: derek._id,\n                        email: derek.emails[0].address\n                    },\n                    date: new Date(),\n                    text: \"great\"\n  }],\n                description: \"no description\"\n            };\n            var festival = {\n                _id: \"c0a2\",\n                name: \"festival de musique\",\n                nature: \"event\",\n                editor: {\n                    _id: gilles._id,\n                    email: gilles.emails[0].address\n                },\n                pictures: [\"/images/Aix/festival1.png\", \"/images/Aix/festival1.jpg\", \"/images/Aix/festival2.jpg\"],\n                comments: [{\n                    user: {\n                        _id: derek._id,\n                        email: derek.emails[0].address\n                    },\n                    date: new Date(),\n                    text: \"Awful music\"\n  }],\n                description: \"Fort de son succès, le Festival d’Aix accueille un public non seulement local, mais aussi national, et un grand nombre de spectateurs et de journalistes venus du monde entier.\",\n                url: \"http://festival-aix.com/en\",\n                dateStart: new Date('2016-6-15'),\n                dateEnd: new Date('2016-7-10')\n            };\n            Activities.remove({})\n            Activities.insert(granet);\n            Activities.insert(saintSauveur);\n            Activities.insert(festival);\n\n            // **** cities\n            var aix = {\n                _id: \"c0\",\n                name: 'Aix en Provence',\n                coordinates: {\n                    long: \"43.5263\",\n                    lat: \"5.4454\"\n                },\n                description: \"Protégée par la Montagne Sainte Victoire qui culmine à 1.011 m, Aix est entourée d'une campagne richementpréservée avec d'authentiques bastides provençales entourées de jardins à la française. Son nom vient des sources thermales découvertes à la fondation de la ville en 123 avant JC par les romains. <br />Aix en Provence était la capitale de la Provence au XVème siècle : marchands prospères et notables firent de la ville la Florence provençale que l'on connaît aujourd'hui. Demeures bourgeoises, placettes fleuries, hôtels particuliers, fontaines anciennes, ruelles ombragées... toutes les images de la Provence noble des XVII° et XVIII° sont rassemblées à Aix. <br />\",\n                picture: '/images/Aix/aix.jpg',\n                activities: [{\n                    _id: granet._id,\n                    name: granet.name,\n                    nature: granet.nature,\n                    picture: granet.pictures[0]\n  }, {\n                    _id: saintSauveur._id,\n                    name: saintSauveur.name,\n                    nature: saintSauveur.nature,\n                    picture: saintSauveur.pictures[0]\n  }, {\n                    _id: festival._id,\n                    name: festival.name,\n                    nature: festival.nature,\n                    picture: festival.pictures[0]\n  }]\n            };\n            var boulogne = {\n                _id: \"c1\",\n                name: 'Boulogne sur mer',\n                coordinates: {\n                    long: \"50.7264\",\n                    lat: \"1.6147\"\n                },\n                description: \"\",\n                picture: '/images/Boulogne/centre.jpg',\n                activities: []\n            };\n            Cities.remove({});\n            Cities.insert(aix);\n            Cities.insert(boulogne);\n        },\n    })\n}\n"]},"hash":"ed4dc55f2a97c8982769272b5219a8ea3350e367"}
