<?xml version="1.0" encoding="UTF-8"?>
<project-private xmlns="http://www.netbeans.org/ns/project-private/1">
    <editor-bookmarks xmlns="http://www.netbeans.org/ns/editor-bookmarks/2" lastBookmarkId="0"/>
    <open-files xmlns="http://www.netbeans.org/ns/projectui-open-files/2">
        <group>
            <file>file:/C:/xampp/htdocs/WP_CA5/logout.php</file>
            <file>file:/C:/xampp/htdocs/WP_CA5/Home.html</file>
            <file>file:/C:/xampp/htdocs/WP_CA5/rating.php</file>
            <file>file:/C:/xampp/htdocs/WP_CA5/model/database.php</file>
            <file>file:/C:/xampp/htdocs/WP_CA5/css/style.css</file>
            <file>file:/C:/xampp/htdocs/WP_CA5/rate.php</file>
            <file>file:/C:/xampp/htdocs/WP_CA5/login.php</file>
            <file>file:/C:/xampp/htdocs/WP_CA5/register.php</file>
            <file>file:/C:/xampp/htdocs/WP_CA5/css/core.css</file>
        </group>
    </open-files>
</project-private>
