transaction_id,account_number,ordering_customer,reference,ordering_date,amount
1,9713783740,Ligula Consectetuer Associates,Wage for January,2016-01-25,940.97
2,9817251257,Dapibus PC,Refund ,2015-06-03,945.07
3,9778368402,Curabitur Massa Vestibulum PC,Travel Fee,2016-01-21,817.57
4,9472647151,Aliquam Adipiscing Incorporated,Graduate Scholarship,2016-10-17,792.48
5,9910267651,Sociis Natoque Penatibus PC,Salary ,2016-06-12,649.54
6,9636324714,Est Arcu Ac Institute,Graduate Scholarship,2015-04-05,935.26
7,9917507359,Sed Corp.,Salary ,2016-05-15,391.56
8,9933249109,Tincidunt Congue Company,Salary ,2016-07-11,787.03
9,9606679404,At Iaculis Quis PC,Travel Fee,2016-09-22,828.53
10,9329148856,Phasellus Libero Inc.,Salary ,2015-08-19,185.44
11,9769749259,Arcu Vestibulum Ut Institute,Graduate Scholarship,2015-05-29,330.66
12,9395870409,Ipsum Porta Ltd,Salary ,2015-03-09,414.94
13,9313472676,Odio Etiam Ligula LLP,Salary ,2015-05-06,889.63
14,9686495998,Sagittis Corporation,Salary ,2016-03-09,819.65
15,9519400453,Fermentum Arcu Vestibulum Consulting,Salary ,2015-09-17,243
