customer_id,customer_name,date_of_birth,gender,phone_number,address
AA001,Brenda Young,1935-12-15,F,863609122,29 Princes Cres
AA002,Shirley Bell,1936-06-21,F,839498093,1 Cremore Ave 
AA003,Marilyn Howard,1939-05-26,F,896798938,52 Henderson Dr
AA004,Jennifer Sanders,1939-10-13,F,872823567,2 Thorngrove Mews
AA005,Daniel Patterson,1942-06-08,M,802217734,113 Manley Rd
AA006,Sandra Anderson,1948-01-24,F,862743365,122 The Broadway
AA007,Ryan Cox,1949-11-10,M,834927018,37 Rickman Dr
AA008,Johnny Lee,1952-07-29,M,844809006,2-2 Greenlaw Rd
AA009,Jacqueline Gray,1956-06-25,F,837138971,141 Okus Rd
AA010,Aaron Hill,1962-12-20,M,842121942,59 Boscobel Dr
AA011,Michelle Robinson,1964-06-06,F,861295455,17 Overdale Gardens
AA012,Benjamin Watson,1968-08-13,M,839556158,96 New Rd
AA013,Kathryn Thomas,1973-11-13,F,883475928,47 Romsey Rd
AA014,Ruby Williams,1974-07-13,F,802702372,6 Mount Bernard Dr
AA015, Joan Diaz,1974-07-28,F,881357801,12 Hubbard Dr
AA016,Robert Brown,1976-10-06,M,843433719,14 Orchard Rd
AA017,Louise Hall,1977-11-01,M,879313956,17 Appletree Rd
AA018,Linda Coleman,1978-05-06,F,862358556,2 Carlibar Gardens
AA019,Betty Ramirez,1980-02-18,F,849284779,93 Marlborough Ave
AA020,Joyce Bryant,1981-05-03,F,807327836,85 Hendal Ln
AA021,Judith Butler,1981-09-03,F,836023134,16 Hird Rd
AA022,Susan Perry,1989-01-04,F,818310797,12Polhill Ave
AA023,Raymond Lewis,1989-05-20,M,806127401,1 Virginia St
AA024,Wayne Cook,1991-05-01,M,801510214,4 Farm Cottages
